url,label
https://www.google.com,0
https://www.github.com,0
https://www.microsoft.com,0
https://www.amazon.com,0
https://www.facebook.com,0
https://www.twitter.com,0
https://www.linkedin.com,0
https://www.youtube.com,0
https://www.wikipedia.org,0
https://www.stackoverflow.com,0
https://www.reddit.com,0
https://www.netflix.com,0
https://www.apple.com,0
https://www.python.org,0
https://www.docker.com,0
https://www.ubuntu.com,0
https://www.mozilla.org,0
https://www.adobe.com,0
https://www.oracle.com,0
https://www.ibm.com,0
http://secure-account-update.verify-bank-login.com,1
https://www-paypal-account-verify.secure-update.com/login,1
http://update-your-account-now.click-here.verify.com,1
https://ebay-account-confirm.secure-signin.com,1
http://bank-account-verify.update-now.com/login,1
https://www-facebook-account-update.verify-now.com,1
http://secure-login-verify.account-update.com,1
https://update-account-verify.click-here.com,1
http://bank-verify-account.secure-update.com,1
https://account-verify-update.secure-login.com,1
http://verify-account-update.secure-bank.com,1
https://update-verify-account.secure-login.com,1
http://account-update-verify.secure-bank.com,1
https://verify-update-account.secure-login.com,1
http://secure-verify-update.account-bank.com,1
